{"type": "block", "layer": 2, "block": 1, "features": [{"geom": {"pts": [[-28.708245721307673, 98.1311713967983, 134.6356201171875]], "r": 1.0, "h": 9.67741935483871}, "mtl": 1, "prop": ["1", "2021-10-14", "1.0-1.5", "7000"]}], "featureCount": 1}