{"type": "block", "layer": 2, "block": 1, "features": [{"geom": {"pts": [[-28.708245721307673, 98.1311713967983, 135.2807814075101]], "r": 1.0, "h": 9.67741935483871}, "mtl": 2, "prop": ["55", "2021-10-14", "1.0-1.5", "9700"]}], "featureCount": 1}