{"type": "block", "layer": 3, "block": 1, "features": [{"geom": {"pts": [[-28.708245721307673, 98.1311713967983, 125.60336205267137]], "r": 1.0, "h": 9.67741935483871}, "mtl": 4, "prop": ["55", "2021-10-14", "1.5-2.0", "13000"]}], "featureCount": 1}