{"type": "block", "layer": 3, "block": 1, "features": [{"geom": {"pts": [[-28.708245721307673, 98.1311713967983, 124.95820076234878]], "r": 1.0, "h": 9.67741935483871}, "mtl": 3, "prop": ["1", "2021-10-14", "1.5-2.0", "7400"]}], "featureCount": 1}