{"type": "block", "layer": 0, "block": 0, "features": [{"geom": {"pts": [[-21.43526013320943, -96.88453950498614, 153.24698171307963]], "r": 1.0, "h": 6.451612903225806}, "mtl": 0, "prop": ["1", "Outfall 001"], "lh": 6.451612903225806}], "featureCount": 1}