{"type": "block", "layer": 9, "block": 1, "features": [{"geom": {"pts": [[-28.708245721307673, 98.1311713967983, 78.50658293693296]], "r": 1.0}, "mtl": 0, "prop": ["1", "2021-10-14", "1.5-2.0", "7.40000000000"]}], "featureCount": 1}